{"name": "Player", "time": 1217.0399174690247, "funding": 1002501.00003, "reputation": 364.79175594512003, "observations": 0.0, "telescope": 2.5453230278751513, "telescope_n": 6, "achievements": 469.6689081309867, "credit": 1, "observation_time": 0, "score": 839.0070719184984, "planet": 5, "stellar": 5, "galaxy": 5, "cosmology": 4, "classification_index": 31, "funding_date": 644.0, "hst": false, "jwst": false, "lamost": false, "desi": false, "lsst": false, "euclid": false}